Workbook

Sheet Resumen
A1: Proyecto ASD - Juego de la Vida de Conway
A3: N | B3: 1000 | D3: Mejor versión CPU | E3: V5 híbrida
A4: Generaciones | B4: 1000 | D4: Tiempo V5 | E4: 0.18678
A5: Repeticiones | B5: 5 | D5: Speedup V5 vs V1 | E5: ='Resultados locales'!G8 -> 10.317004
A6: Semilla | B6: 12345
A7: Probabilidad viva inicial | B7: 0.3 | D7: Mejor versión global | E7: V6 CUDA
A8: Resultado esperado | B8: 43306 | D8: Tiempo V6 | E8: 0.0181502
D9: Speedup V6 vs V1 | E9: ='Resultados locales'!G9 -> 106.17018
A12: Versión | B12: Técnica | C12: Configuración | D12: Mejor tiempo (s) | E12: Células vivas | F12: Unidades | G12: Speedup vs V1 | H12: Speedup vs V2
A13: V1 | B13: Secuencial base | C13: vector<vector<int>> | D13: 1.92701 | E13: 43306 | F13: 1 | G13: =D$13/D13 -> 1 | H13: =D$14/D13 -> 0.80965849
A14: V2 | B14: Secuencial optimizada | C14: Memoria contigua vector<int> | D14: 1.56022 | E14: 43306 | F14: 1 | G14: =D$13/D14 -> 1.2350886 | H14: =D$14/D14 -> 1
A15: V3 | B15: OpenMP | C15: 8 hilos | D15: 0.307451 | E15: 43306 | F15: 8 | G15: =D$13/D15 -> 6.2676979 | H15: =D$14/D15 -> 5.0746948
A16: V4 | B16: MPI | C16: 8 procesos | D16: 0.311311 | E16: 43306 | F16: 8 | G16: =D$13/D16 -> 6.1899836 | H16: =D$14/D16 -> 5.0117728
A17: V5 | B17: MPI + OpenMP | C17: 8 procesos x 2 hilos | D17: 0.18678 | E17: 43306 | F17: 16 | G17: =D$13/D17 -> 10.317004 | H17: =D$14/D17 -> 8.3532498
A18: V6 | B18: CUDA | C18: RTX 4060 | D18: 0.0181502 | E18: 43306 | G18: =D$13/D18 -> 106.17018 | H18: =D$14/D18 -> 85.961587

Sheet Resultados locales
A1: Resultados locales - resumen de versiones
A3: Versión | B3: Técnica | C3: Configuración | D3: Mejor tiempo (s) | E3: Células vivas | F3: Unidades | G3: Speedup vs V1 | H3: Speedup vs V2
A4: V1 | B4: Secuencial base | C4: vector<vector<int>> | D4: 1.92701 | E4: 43306 | F4: 1 | G4: =$D$4/D4 -> 1 | H4: =$D$5/D4 -> 0.80965849
A5: V2 | B5: Secuencial optimizada | C5: Memoria contigua vector<int> | D5: 1.56022 | E5: 43306 | F5: 1 | G5: =$D$4/D5 -> 1.2350886 | H5: =$D$5/D5 -> 1
A6: V3 | B6: OpenMP | C6: 8 hilos | D6: 0.307451 | E6: 43306 | F6: 8 | G6: =$D$4/D6 -> 6.2676979 | H6: =$D$5/D6 -> 5.0746948
A7: V4 | B7: MPI | C7: 8 procesos | D7: 0.311311 | E7: 43306 | F7: 8 | G7: =$D$4/D7 -> 6.1899836 | H7: =$D$5/D7 -> 5.0117728
A8: V5 | B8: MPI + OpenMP | C8: 8 procesos x 2 hilos | D8: 0.18678 | E8: 43306 | F8: 16 | G8: =$D$4/D8 -> 10.317004 | H8: =$D$5/D8 -> 8.3532498
A9: V6 | B9: CUDA | C9: RTX 4060 | D9: 0.0181502 | E9: 43306 | G9: =$D$4/D9 -> 106.17018 | H9: =$D$5/D9 -> 85.961587
A12: Versión | B12: Descripción | C12: Rep 1 | D12: Rep 2 | E12: Rep 3 | F12: Rep 4 | G12: Rep 5 | H12: Mejor | I12: Media
A13: V1 | B13: Secuencial base | C13: 1.93387 | D13: 1.93862 | E13: 1.94306 | F13: 1.93207 | G13: 1.92701 | H13: =MIN(C13:G13) -> 1.92701 | I13: =AVERAGE(C13:G13) -> 1.934926
A14: V2 | B14: Memoria contigua | C14: 1.56036 | D14: 1.56357 | E14: 1.56022 | F14: 1.5643 | G14: 1.6535 | H14: =MIN(C14:G14) -> 1.56022 | I14: =AVERAGE(C14:G14) -> 1.58039
A15: V6 | B15: CUDA RTX 4060 | C15: 0.0181502 | D15: 0.0189182 | E15: 0.0189471 | F15: 0.0193434 | G15: 0.0193688 | H15: =MIN(C15:G15) -> 0.0181502 | I15: =AVERAGE(C15:G15) -> 0.01894554

Sheet Escalabilidad
A1: Escalabilidad OpenMP, MPI e híbrida
A3: OpenMP | G3: MPI
A4: Hilos | B4: Mejor tiempo (s) | C4: Células vivas | D4: Speedup vs V2 | E4: Eficiencia | G4: Procesos | H4: Mejor tiempo (s) | I4: Células vivas | J4: Speedup vs V2 | K4: Eficiencia
A5: 1 | B5: 1.56574 | C5: 43306 | D5: ='Resultados locales'!$D$5/B5 -> 0.99647451 | E5: =D5/A5 -> 0.99647451 | G5: 1 | H5: 1.61637 | I5: 43306 | J5: ='Resultados locales'!$D$5/H5 -> 0.96526167 | K5: =J5/G5 -> 0.96526167
A6: 2 | B6: 0.817583 | C6: 43306 | D6: ='Resultados locales'!$D$5/B6 -> 1.9083322 | E6: =D6/A6 -> 0.95416612 | G6: 2 | H6: 0.814272 | I6: 43306 | J6: ='Resultados locales'!$D$5/H6 -> 1.9160919 | K6: =J6/G6 -> 0.95804596
A7: 4 | B7: 0.477688 | C7: 43306 | D7: ='Resultados locales'!$D$5/B7 -> 3.2661905 | E7: =D7/A7 -> 0.81654762 | G7: 4 | H7: 0.419087 | I7: 43306 | J7: ='Resultados locales'!$D$5/H7 -> 3.7229024 | K7: =J7/G7 -> 0.9307256
A8: 8 | B8: 0.307451 | C8: 43306 | D8: ='Resultados locales'!$D$5/B8 -> 5.0746948 | E8: =D8/A8 -> 0.63433685 | G8: 8 | H8: 0.311311 | I8: 43306 | J8: ='Resultados locales'!$D$5/H8 -> 5.0117728 | K8: =J8/G8 -> 0.6264716
A12: MPI + OpenMP
A13: Procesos MPI | B13: Hilos/proceso | C13: Unidades teóricas | D13: Mejor tiempo (s) | E13: Células vivas | F13: Speedup vs V2
A14: 1 | B14: 2 | C14: 2 | D14: 0.873936 | E14: 43306 | F14: ='Resultados locales'!$D$5/D14 -> 1.7852795
A15: 2 | B15: 2 | C15: 4 | D15: 0.465038 | E15: 43306 | F15: ='Resultados locales'!$D$5/D15 -> 3.3550377
A16: 4 | B16: 2 | C16: 8 | D16: 0.33957 | E16: 43306 | F16: ='Resultados locales'!$D$5/D16 -> 4.5946933
A17: 8 | B17: 2 | C17: 16 | D17: 0.18678 | E17: 43306 | F17: ='Resultados locales'!$D$5/D17 -> 8.3532498

Sheet Cluster CUDA
A1: Clúster y CUDA
A3: Resultados en clúster
A4: Versión | B4: Configuración | C4: Rep 1 | D4: Rep 2 | E4: Rep 3 | F4: Rep 4 | G4: Rep 5 | H4: Mejor | I4: Células vivas
A5: V4 MPI | B5: 4 procesos MPI | C5: 1.72947 | D5: 1.01538 | E5: 1.0311 | F5: 1.30132 | G5: 1.14787 | H5: =MIN(C5:G5) -> 1.01538 | I5: 43306
A6: V5 MPI + OpenMP | B6: 4 procesos MPI x 2 hilos | C6: 4.21495 | D6: 4.03047 | E6: 4.03633 | F6: 4.139 | G6: 4.02544 | H6: =MIN(C6:G6) -> 4.02544 | I6: 43306
A10: CUDA RTX 4060
A11: Versión | B11: GPU | C11: Rep 1 | D11: Rep 2 | E11: Rep 3 | F11: Rep 4 | G11: Rep 5 | H11: Mejor | I11: Células vivas
A12: V6 CUDA | B12: NVIDIA GeForce RTX 4060 | C12: 0.0181502 | D12: 0.0189182 | E12: 0.0189471 | F12: 0.0193434 | G12: 0.0193688 | H12: =MIN(C12:G12) -> 0.0181502 | I12: 43306
A15: Interpretación
A16: La ejecución en clúster valida el funcionamiento distribuido real. Los tiempos no son directamente comparables con los locales porque se ejecutan en plataformas distintas.
A17: La versión híbrida en clúster fue más lenta que MPI pura debido a la sobrecarga de hilos, recursos limitados de las máquinas virtuales y competencia por memoria/CPU.
A18: CUDA fue la versión más rápida en local al asignar el cálculo de celdas a hilos de GPU.

Sheet Notas
A1: Notas metodológicas y validación
A3: Validación | B3: Todas las versiones producen 43306 células vivas finales.
A4: Medición | B4: Cada experimento se repite 5 veces y se toma el mejor tiempo.
A5: Comparación | B5: Las comparaciones de speedup local usan V1 o V2 como referencia según el apartado.
A6: Clúster | B6: Los tiempos de clúster no se comparan directamente con Windows local por tratarse de plataformas distintas.
A7: CUDA | B7: La medición CUDA se realiza con eventos CUDA alrededor de la ejecución de kernels.
A8: Bordes | B8: Los bordes de la matriz se mantienen siempre muertos.
A9: Inicialización | B9: Se usa semilla fija 12345 y probabilidad de célula viva 0.30.
A10: Doble buffer | B10: Se usan dos matrices para evitar condiciones de carrera.
